Geography,Payroll_Employees: Q3 2025,Job Vacancy: Q3 2025,Net_interprovincial_migration,Delta_Immigrants,Delta_Births,Emigrants,Returning_Emigrants,Population,Expenditure_Region,Total_Expenditure,Food_Expenditure,Food_Stores_Expenditure,Food_Restaurants_Expenditure,Shelter_Expenditure,Principal_Accommodation_Expenditure,Rent_Expenditure,Owned_Home_Expenditure,Utilities_Expenditure,Other_Accommodation_Expenditure,Household_Operations_Expenditure,Communications_Expenditure,Furnishings_Expenditure,Furniture_Expenditure,Equipment_Expenditure,Appliances_Expenditure,Clothing_Expenditure,Transportation_Expenditure,Private_Transport_Expenditure,Public_Transport_Expenditure,Healthcare_Expenditure,Direct_Healthcare_Expenditure,Personal_Care_Expenditure,Recreation_Expenditure,Rec_Equipment_Expenditure,Home_Entertainment_Expenditure,Rec_Services_Expenditure,Rec_Vehicles_Expenditure,Education_Expenditure,Reading_Expenditure,Tobacco_Alcohol_Expenditure,Gambling_Expenditure,Misc_Expenditure,Language,Immigrant_Density,Job_Growth_Potential,Net_Migration_Rate,Natural_Growth_Rate,Delta_Immigrant_Per_Capita,Total_Expenditure_Scaled,Shelter_Expenditure_Scaled,Food_Expenditure_Scaled,Transportation_Expenditure_Scaled,Healthcare_Expenditure_Scaled,Education_Expenditure_Scaled,Public_Transport_Expenditure_Scaled,Delta_Immigrant_Per_Capita_Scaled,Canadian_Opportunity_Index
"Abitibi-Témiscamingue, Quebec",75970,3335,39.0,381,1338,19.0,10.0,149441,Quebec,97430,11314,8829,2471,17715,16432,4741,9824,1866,1283,5123,2977,3267,1467,1629,635,2493,11022,9597,1425,2870,1976,1748,4941,1252,266,2365,1059,1016,164,2018,186,1467,French,0.0050151375542977494,0.7287463973655076,0.02609725577318139,0.8826225734570835,0.07099574231447785,0.3046979405818453,0.04676968601019227,0.0,0.0,0.07800000000000029,0.0,0.3008474576271185,0.07099574231447785,1.0
"North Shore, Nova Scotia",53415,2175,867.0,907,1136,181.0,41.0,165526,Atlantic Region,88538,11562,8764,2757,17146,15643,3541,8702,3400,1503,5969,3383,3278,1296,1783,795,2139,12006,10936,1070,2831,1857,1661,4639,1328,242,1837,1232,1049,168,1636,200,1350,English,0.016980248993728353,0.6324734729629703,0.52378478305523,0.5769486364679869,0.2024035610446635,0.0,0.0,0.09852999602701651,0.37889872930304236,0.0,0.028013582342954146,0.0,0.2024035610446635,0.9868174612745746
"Northwest, Ontario",107740,5695,-7.0,1118,2212,373.0,161.0,251871,Ontario,117721,11768,7957,3759,29312,26383,5683,17501,3198,2930,6395,3588,3433,1632,1451,818,3107,11936,10001,1935,3143,2497,1730,5179,1595,327,2658,599,2033,228,1599,179,1934,English,0.010376833116762577,1.0,-0.002779200463729449,0.7301356646854937,0.15572816138840662,1.0,1.0,0.18037346046881275,0.35194455140546843,0.6240000000000006,0.8633276740237691,0.7330508474576269,0.15572816138840662,0.9810154855226394
"Estrie, Quebec",143290,6240,-26.0,1535,2830,328.0,195.0,359469,Quebec,97430,11314,8829,2471,17715,16432,4741,9824,1866,1283,5123,2977,3267,1467,1629,635,2493,11022,9597,1425,2870,1976,1748,4941,1252,266,2365,1059,1016,164,2018,186,1467,French,0.010712541000767673,0.71812437129544,-0.007232890736057908,0.6960266392929572,0.1481669321251562,0.3046979405818453,0.04676968601019227,0.0,0.0,0.07800000000000029,0.0,0.3008474576271185,0.1481669321251562,0.9728703199089104
Prince Edward Island,70910,2435,1043.0,2843,1375,257.0,130.0,182657,Atlantic Region,88538,11562,8764,2757,17146,15643,3541,8702,3400,1503,5969,3383,3278,1296,1783,795,2139,12006,10936,1070,2831,1857,1661,4639,1328,242,1837,1232,1049,168,1636,200,1350,English,0.04009307572979834,0.4393348724680569,0.5710156194397149,0.6120761865135198,0.654715041811097,0.0,0.0,0.09852999602701651,0.37889872930304236,0.0,0.028013582342954146,0.0,0.654715041811097,0.9067775739870085
"Annapolis Valley, Nova Scotia",43635,1640,661.0,665,1083,285.0,74.0,140741,Atlantic Region,88538,11562,8764,2757,17146,15643,3541,8702,3400,1503,5969,3383,3278,1296,1783,795,2139,12006,10936,1070,2831,1857,1661,4639,1328,242,1837,1232,1049,168,1636,200,1350,English,0.01524005958519537,0.5375815752654726,0.469657029579156,0.5669989555282399,0.16856446602160247,0.0,0.0,0.09852999602701651,0.37889872930304236,0.0,0.028013582342954146,0.0,0.16856446602160247,0.8734492550214057
"Southern, Nova Scotia",45780,1675,650.0,637,730,187.0,49.0,121917,Atlantic Region,88538,11562,8764,2757,17146,15643,3541,8702,3400,1503,5969,3383,3278,1296,1783,795,2139,12006,10936,1070,2831,1857,1661,4639,1328,242,1837,1232,1049,168,1636,200,1350,English,0.013914373088685015,0.5074137717748716,0.533149601778259,0.4453849750239917,0.1909833890704693,0.0,0.0,0.09852999602701651,0.37889872930304236,0.0,0.028013582342954146,0.0,0.1909833890704693,0.8526695179656489
Northwest Territories,21910,960,-10.0,456,471,86.0,14.0,45950,Canada,108225,12046,8659,3351,24671,22355,5258,14183,2914,2316,6014,3442,3390,1547,1569,795,2739,12090,10292,1799,3087,2332,1860,5231,1443,301,2578,909,1694,195,1809,192,1732,Bilingual,0.020812414422638065,0.7262245936301762,-0.02176278563656148,0.8378672470076169,0.4017275903500092,0.6746050782990096,0.6185270425776754,0.29082240762812894,0.4112437427801314,0.5120000000000005,0.5755517826825126,0.6177966101694914,0.4017275903500092,0.8342909501962872
"Mauricie, Quebec",117655,4470,113.0,1329,2229,219.0,85.0,289722,Quebec,97430,11314,8829,2471,17715,16432,4741,9824,1866,1283,5123,2977,3267,1467,1629,635,2493,11022,9597,1425,2870,1976,1748,4941,1252,266,2365,1059,1016,164,2018,186,1467,French,0.011295737537716203,0.5499313509503828,0.03900290623425215,0.6937685091225382,0.16238267868145773,0.3046979405818453,0.04676968601019227,0.0,0.0,0.07800000000000029,0.0,0.3008474576271185,0.16238267868145773,0.8284631991418936
Nova Scotia,437360,15215,3226.0,10984,7935,1905.0,657.0,1093245,Atlantic Region,88538,11562,8764,2757,17146,15643,3541,8702,3400,1503,5969,3383,3278,1296,1783,795,2139,12006,10936,1070,2831,1857,1661,4639,1328,242,1837,1232,1049,168,1636,200,1350,English,0.025114322297420888,0.4529272347555183,0.29508481630375627,0.5515689529794328,0.4072585107121681,0.0,0.0,0.09852999602701651,0.37889872930304236,0.0,0.028013582342954146,0.0,0.4072585107121681,0.7866535858552974
"Halifax, Nova Scotia",239835,7880,980.0,8142,3983,1199.0,471.0,517115,Atlantic Region,88538,11562,8764,2757,17146,15643,3541,8702,3400,1503,5969,3383,3278,1296,1783,795,2139,12006,10936,1070,2831,1857,1661,4639,1328,242,1837,1232,1049,168,1636,200,1350,English,0.03394833948339483,0.39442634753074246,0.18951297100258163,0.5383715421134564,0.6628037856316789,0.0,0.0,0.09852999602701651,0.37889872930304236,0.0,0.028013582342954146,0.0,0.6628037856316789,0.7479134572219297
"Edmundston-Woodstock, New Brunswick",32415,1165,-49.0,897,621,119.0,19.0,82280,Atlantic Region,88538,11562,8764,2757,17146,15643,3541,8702,3400,1503,5969,3383,3278,1296,1783,795,2139,12006,10936,1070,2831,1857,1661,4639,1328,242,1837,1232,1049,168,1636,200,1350,French,0.027672373900971773,0.48779962095679574,-0.059552746718522113,0.6101118133203695,0.4455885734735834,0.0,0.0,0.09852999602701651,0.37889872930304236,0.0,0.028013582342954146,0.0,0.4455885734735834,0.7328582301872004
"Campbellton-Miramichi, New Brunswick",53945,1890,73.0,944,925,36.0,14.0,161758,Atlantic Region,88538,11562,8764,2757,17146,15643,3541,8702,3400,1503,5969,3383,3278,1296,1783,795,2139,12006,10936,1070,2831,1857,1661,4639,1328,242,1837,1232,1049,168,1636,200,1350,Bilingual,0.01749930484752989,0.46041741190415475,0.04512914353540474,0.5495864192188331,0.21838672132460207,0.0,0.0,0.09852999602701651,0.37889872930304236,0.0,0.028013582342954146,0.0,0.21838672132460207,0.6862482671817056
"Centre-du-Québec, Quebec",118290,3910,6.0,1097,2253,124.0,59.0,264820,Quebec,97430,11314,8829,2471,17715,16432,4741,9824,1866,1283,5123,2977,3267,1467,1629,635,2493,11022,9597,1425,2870,1976,1748,4941,1252,266,2365,1059,1016,164,2018,186,1467,French,0.009273818581452363,0.40043388814566494,0.0022656899025753343,0.8039423004304811,0.1424374158447516,0.3046979405818453,0.04676968601019227,0.0,0.0,0.07800000000000029,0.0,0.3008474576271185,0.1424374158447516,0.6850318278584249
"Saint John-St. Stephen, New Brunswick",73240,2280,234.0,2355,1563,174.0,58.0,190849,Atlantic Region,88538,11562,8764,2757,17146,15643,3541,8702,3400,1503,5969,3383,3278,1296,1783,795,2139,12006,10936,1070,2831,1857,1661,4639,1328,242,1837,1232,1049,168,1636,200,1350,English,0.032154560349535774,0.34219109514974366,0.12261002153534993,0.727800512447013,0.5100725566066888,0.0,0.0,0.09852999602701651,0.37889872930304236,0.0,0.028013582342954146,0.0,0.5100725566066888,0.6725764142919071
"Thompson-Okanagan, British Columbia",268540,11210,442.0,3605,4614,1998.0,708.0,669958,British Columbia,108172,12129,8500,3601,28739,25872,6834,16607,2431,2867,6113,3557,3379,1587,1510,858,2531,12540,10291,2250,3139,2529,1953,6027,1386,286,2800,1556,2194,210,1687,98,1915,English,0.013424443285916438,0.6635152791319378,0.0659742849551763,0.390472238558238,0.19798290499874094,0.6727889524723296,0.9529015288508962,0.32379817242749365,0.5845206006931081,0.6160000000000005,0.9999999999999999,1.0,0.19798290499874094,0.6530851400055935
"Cape Breton, Nova Scotia",54695,1840,68.0,633,1003,53.0,22.0,147946,Atlantic Region,88538,11562,8764,2757,17146,15643,3541,8702,3400,1503,5969,3383,3278,1296,1783,795,2139,12006,10936,1070,2831,1857,1661,4639,1328,242,1837,1232,1049,168,1636,200,1350,English,0.011573269951549501,0.4181971868936697,0.045962716126154136,0.6421261811742123,0.14854369657489142,0.0,0.0,0.09852999602701651,0.37889872930304236,0.0,0.028013582342954146,0.0,0.14854369657489142,0.6440271884925919
New Brunswick,333590,10135,-186.0,12532,6618,912.0,347.0,869682,Atlantic Region,88538,11562,8764,2757,17146,15643,3541,8702,3400,1503,5969,3383,3278,1296,1783,795,2139,12006,10936,1070,2831,1857,1661,4639,1328,242,1837,1232,1049,168,1636,200,1350,Bilingual,0.03756707335351779,0.3195178631926672,-0.021387127708748715,0.6561018855167751,0.6029220936265165,0.0,0.0,0.09852999602701651,0.37889872930304236,0.0,0.028013582342954146,0.0,0.6029220936265165,0.6190381790690576
"Cariboo, British Columbia",66085,2715,-168.0,797,1487,294.0,100.0,174641,British Columbia,108172,12129,8500,3601,28739,25872,6834,16607,2431,2867,6113,3557,3379,1587,1510,858,2531,12540,10291,2250,3139,2529,1953,6027,1386,286,2800,1556,2194,210,1687,98,1915,English,0.012060225467201332,0.6435101342296342,-0.09619734197582469,0.6831156486735647,0.16132835530948042,0.6727889524723296,0.9529015288508962,0.32379817242749365,0.5845206006931081,0.6160000000000005,0.9999999999999999,1.0,0.16132835530948042,0.6155876714737103
"Montérégie, Quebec",592825,18050,-595.0,8111,14478,2476.0,1111.0,1691032,Quebec,97430,11314,8829,2471,17715,16432,4741,9824,1866,1283,5123,2977,3267,1467,1629,635,2493,11022,9597,1425,2870,1976,1748,4941,1252,266,2365,1059,1016,164,2018,186,1467,French,0.013681946611563278,0.3215107600289475,-0.03518561446501308,0.7097441089228352,0.17177063739016113,0.3046979405818453,0.04676968601019227,0.0,0.0,0.07800000000000029,0.0,0.3008474576271185,0.17177063739016113,0.5936205180311198
"Moncton-Richibucto, New Brunswick",113435,3075,-249.0,6325,2113,271.0,119.0,271885,Atlantic Region,88538,11562,8764,2757,17146,15643,3541,8702,3400,1503,5969,3383,3278,1296,1783,795,2139,12006,10936,1070,2831,1857,1661,4639,1328,242,1837,1232,1049,168,1636,200,1350,Bilingual,0.05575880460175431,0.22041238944999497,-0.09158283833238318,0.6774923221214851,1.0,0.0,0.0,0.09852999602701651,0.37889872930304236,0.0,0.028013582342954146,0.0,1.0,0.5828084628014805
"Capitale-Nationale, Quebec",361935,9955,374.0,7357,7271,933.0,482.0,814004,Quebec,97430,11314,8829,2471,17715,16432,4741,9824,1866,1283,5123,2977,3267,1467,1629,635,2493,11022,9597,1425,2870,1976,1748,4941,1252,266,2365,1059,1016,164,2018,186,1467,French,0.020326854269413015,0.23242840872160497,0.04594572016845126,0.7786202524803318,0.3620006766942142,0.3046979405818453,0.04676968601019227,0.0,0.0,0.07800000000000029,0.0,0.3008474576271185,0.3620006766942142,0.5764096000162395
"Lanaudière, Quebec",174355,5230,-41.0,1329,4633,330.0,164.0,569335,Quebec,97430,11314,8829,2471,17715,16432,4741,9824,1866,1283,5123,2977,3267,1467,1629,635,2493,11022,9597,1425,2870,1976,1748,4941,1252,266,2365,1059,1016,164,2018,186,1467,French,0.0076223796277709276,0.3078520918973642,-0.007201384070889722,0.7557940404155725,0.06134427310561598,0.3046979405818453,0.04676968601019227,0.0,0.0,0.07800000000000029,0.0,0.3008474576271185,0.06134427310561598,0.5730744454067069
"Northeast, British Columbia",37500,1460,-228.0,477,958,103.0,31.0,72554,British Columbia,108172,12129,8500,3601,28739,25872,6834,16607,2431,2867,6113,3557,3379,1587,1510,858,2531,12540,10291,2250,3139,2529,1953,6027,1386,286,2800,1556,2194,210,1687,98,1915,English,0.01272,0.5784164921964482,-0.3142486975218458,1.1784326157069218,0.2515093451487737,0.6727889524723296,0.9529015288508962,0.32379817242749365,0.5845206006931081,0.6160000000000005,0.9999999999999999,1.0,0.2515093451487737,0.567479466820674
Quebec,3879335,111575,-5095.0,57629,77171,15828.0,7616.0,9058297,Quebec,97430,11314,8829,2471,17715,16432,4741,9824,1866,1283,5123,2977,3267,1467,1629,635,2493,11022,9597,1425,2870,1976,1748,4941,1252,266,2365,1059,1016,164,2018,186,1467,French,0.014855381141355413,0.2704662274057249,-0.05624677574603704,0.6772023483001275,0.24198336093751605,0.3046979405818453,0.04676968601019227,0.0,0.0,0.07800000000000029,0.0,0.3008474576271185,0.24198336093751605,0.5485288619148623
"Kootenay, British Columbia",74215,2625,613.0,721,1252,526.0,167.0,176982,British Columbia,108172,12129,8500,3601,28739,25872,6834,16607,2431,2867,6113,3557,3379,1587,1510,858,2531,12540,10291,2250,3139,2529,1953,6027,1386,286,2800,1556,2194,210,1687,98,1915,English,0.009715017179815402,0.47054492437222517,0.34636290696228994,0.4102112079194494,0.13936185666142598,0.6727889524723296,0.9529015288508962,0.32379817242749365,0.5845206006931081,0.6160000000000005,0.9999999999999999,1.0,0.13936185666142598,0.5406981111576725
Yukon,20040,705,-221.0,826,443,33.0,30.0,48278,Canada,108225,12046,8659,3351,24671,22355,5258,14183,2914,2316,6014,3442,3390,1547,1569,795,2739,12090,10292,1799,3087,2332,1860,5231,1443,301,2578,909,1694,195,1809,192,1732,English,0.04121756487025948,0.46477560394805606,-0.45776544181614814,0.8492481047267906,0.7239866830093383,0.6746050782990096,0.6185270425776754,0.29082240762812894,0.4112437427801314,0.5120000000000005,0.5755517826825126,0.6177966101694914,0.7239866830093383,0.5237315675368845
"Fredericton-Oromocto, New Brunswick",60555,1730,-195.0,2011,1396,312.0,137.0,162910,Atlantic Region,88538,11562,8764,2757,17146,15643,3541,8702,3400,1503,5969,3383,3278,1296,1783,795,2139,12006,10936,1070,2831,1857,1661,4639,1328,242,1837,1232,1049,168,1636,200,1350,English,0.033209478986045746,0.2646443548268409,-0.11969799275673686,0.6653980725553987,0.5102806935119683,0.0,0.0,0.09852999602701651,0.37889872930304236,0.0,0.028013582342954146,0.0,0.5102806935119683,0.5222350833462952
"Chaudière-Appalaches, Quebec",203410,5455,117.0,2082,3882,220.0,128.0,458369,Quebec,97430,11314,8829,2471,17715,16432,4741,9824,1866,1283,5123,2977,3267,1467,1629,635,2493,11022,9597,1425,2870,1976,1748,4941,1252,266,2365,1059,1016,164,2018,186,1467,French,0.01023548498107271,0.2116243836537961,0.02552528639589501,0.7989196477074147,0.16036608599137997,0.3046979405818453,0.04676968601019227,0.0,0.0,0.07800000000000029,0.0,0.3008474576271185,0.16036608599137997,0.5148262311886143
"West Coast-Northern Peninsula-Labrador, Newfoundland and Labrador",37650,1000,114.0,977,698,26.0,13.0,105862,Atlantic Region,88538,11562,8764,2757,17146,15643,3541,8702,3400,1503,5969,3383,3278,1296,1783,795,2139,12006,10936,1070,2831,1857,1661,4639,1328,242,1837,1232,1049,168,1636,200,1350,English,0.02594953519256308,0.20383379689100134,0.10768736657157431,0.6347886871587539,0.3705649269051052,0.0,0.0,0.09852999602701651,0.37889872930304236,0.0,0.028013582342954146,0.0,0.3705649269051052,0.4990514867295556
"Interlake, Manitoba",28105,1110,38.0,495,1012,113.0,46.0,107575,Prairies,110664,13831,10056,3736,24046,21739,4467,13301,3971,2307,6377,3712,3526,1545,1707,923,2691,13619,11661,1958,3331,2507,2313,5353,1474,329,2830,720,1760,162,2149,304,1670,English,0.01761252446183953,0.5954131145764258,0.03532419242389031,0.8356960260283524,0.16302334288722126,0.7581811328513175,0.5671543646227191,1.0,1.0,1.0,0.6315789473684209,0.7525423728813558,0.16302334288722126,0.4989507146579018
"Yorkton-Melville, Saskatchewan",34735,1250,214.0,671,881,86.0,47.0,87543,Prairies,110664,13831,10056,3736,24046,21739,4467,13301,3971,2307,6377,3712,3526,1545,1707,923,2691,13619,11661,1958,3331,2507,2313,5353,1474,329,2830,720,1760,162,2149,304,1670,English,0.019317691089679,0.4892105820286855,0.24445129821916087,0.908125149926322,0.3004123824433444,0.7581811328513175,0.5671543646227191,1.0,1.0,1.0,0.6315789473684209,0.7525423728813558,0.3004123824433444,0.4923537294704667
"Laval, Quebec",162490,4200,-38.0,2994,3914,738.0,468.0,461509,Quebec,97430,11314,8829,2471,17715,16432,4741,9824,1866,1283,5123,2977,3267,1467,1629,635,2493,11022,9597,1425,2870,1976,1748,4941,1252,266,2365,1059,1016,164,2018,186,1467,French,0.018425749276878577,0.1822578043265617,-0.008233858927994903,0.6881772619818899,0.24760750121959035,0.3046979405818453,0.04676968601019227,0.0,0.0,0.07800000000000029,0.0,0.3008474576271185,0.24760750121959035,0.48067654729083636
"Bas-Saint-Laurent, Quebec",84110,2270,40.0,500,1383,101.0,34.0,204755,Quebec,97430,11314,8829,2471,17715,16432,4741,9824,1866,1283,5123,2977,3267,1467,1629,635,2493,11022,9597,1425,2870,1976,1748,4941,1252,266,2365,1059,1016,164,2018,186,1467,French,0.005944596361907027,0.2167925382552458,0.019535542477595175,0.6261141364069254,0.06617185052334693,0.3046979405818453,0.04676968601019227,0.0,0.0,0.07800000000000029,0.0,0.3008474576271185,0.06617185052334693,0.4795542371299261
"Vancouver Island and Coast, British Columbia",335550,11440,2398.0,4735,6123,2646.0,1159.0,954177,British Columbia,108172,12129,8500,3601,28739,25872,6834,16607,2431,2867,6113,3557,3379,1587,1510,858,2531,12540,10291,2250,3139,2529,1953,6027,1386,286,2800,1556,2194,210,1687,98,1915,English,0.01411116078080763,0.4318866476836051,0.2513160556165156,0.3643978004081004,0.17921165364254305,0.6727889524723296,0.9529015288508962,0.32379817242749365,0.5845206006931081,0.6160000000000005,0.9999999999999999,1.0,0.17921165364254305,0.478915490030876
"Montréal, Quebec",1268035,34435,-5373.0,25837,19425,8874.0,4221.0,2172259,Quebec,97430,11314,8829,2471,17715,16432,4741,9824,1866,1283,5123,2977,3267,1467,1629,635,2493,11022,9597,1425,2870,1976,1748,4941,1252,266,2365,1059,1016,164,2018,186,1467,Bilingual,0.02037562054675147,0.22187025578005992,-0.2473461958265566,0.485715561542155,0.4900910105143985,0.3046979405818453,0.04676968601019227,0.0,0.0,0.07800000000000029,0.0,0.3008474576271185,0.4900910105143985,0.472177139610173
"Edmonton, Alberta",729895,20385,11869.0,21809,17837,3732.0,2018.0,1737604,Prairies,110664,13831,10056,3736,24046,21739,4467,13301,3971,2307,6377,3712,3526,1545,1707,923,2691,13619,11661,1958,3331,2507,2313,5353,1474,329,2830,720,1760,162,2149,304,1670,English,0.029879640222223745,0.24525677097162635,0.6830670279304145,0.8117499729512593,0.5195623008741416,0.7581811328513175,0.5671543646227191,1.0,1.0,1.0,0.6315789473684209,0.7525423728813558,0.5195623008741416,0.41567287928861313
"Northeast, Ontario",232055,7815,-391.0,3865,4654,727.0,325.0,624671,Ontario,117721,11768,7957,3759,29312,26383,5683,17501,3198,2930,6395,3588,3433,1632,1451,818,3107,11936,10001,1935,3143,2497,1730,5179,1595,327,2658,599,2033,228,1599,179,1934,Bilingual,0.016655534248346298,0.41929494730071715,-0.06259294892831586,0.6286509218452594,0.23414573072668077,1.0,1.0,0.18037346046881275,0.35194455140546843,0.6240000000000006,0.8633276740237691,0.7330508474576269,0.23414573072668077,0.41422917553120026
British Columbia,2427445,81000,-2392.0,56203,44371,25023.0,9777.0,5697536,British Columbia,108172,12129,8500,3601,28739,25872,6834,16607,2431,2867,6113,3557,3379,1587,1510,858,2531,12540,10291,2250,3139,2529,1953,6027,1386,286,2800,1556,2194,210,1687,98,1915,English,0.02315315074079948,0.40994188337307647,-0.04198306074766355,0.3395853927030913,0.3990639765914405,0.6727889524723296,0.9529015288508962,0.32379817242749365,0.5845206006931081,0.6160000000000005,0.9999999999999999,1.0,0.3990639765914405,0.41319678634887974
"Gaspésie-Îles-de-la-Madeleine, Quebec",33145,830,19.0,89,583,24.0,16.0,92084,Quebec,97430,11314,8829,2471,17715,16432,4741,9824,1866,1283,5123,2977,3267,1467,1629,635,2493,11022,9597,1425,2870,1976,1748,4941,1252,266,2365,1059,1016,164,2018,186,1467,French,0.0026851712173781867,0.15784874312551356,0.02063333478128665,0.6070544285652231,0.0,0.3046979405818453,0.04676968601019227,0.0,0.0,0.07800000000000029,0.0,0.3008474576271185,0.0,0.40892015538268883
"Southeast, Manitoba",50185,1790,-37.0,855,1816,282.0,214.0,145963,Prairies,110664,13831,10056,3736,24046,21739,4467,13301,3971,2307,6377,3712,3526,1545,1707,923,2691,13619,11661,1958,3331,2507,2313,5353,1474,329,2830,720,1760,162,2149,304,1670,English,0.0170369632360267,0.47956125736366395,-0.025348889787137837,1.0509512684721471,0.2193631112277301,0.7581811328513175,0.5671543646227191,1.0,1.0,1.0,0.6315789473684209,0.7525423728813558,0.2193631112277301,0.40771803387390165
"Muskoka-Kawarthas, Ontario",139855,5000,-697.0,927,3065,675.0,315.0,449416,Ontario,117721,11768,7957,3759,29312,26383,5683,17501,3198,2930,6395,3588,3433,1632,1451,818,3107,11936,10001,1935,3143,2497,1730,5179,1595,327,2658,599,2033,228,1599,179,1934,English,0.006628293589789425,0.48208268002939747,-0.15509016145397583,0.5318012709827865,0.049162124676334296,1.0,1.0,0.18037346046881275,0.35194455140546843,0.6240000000000006,0.8633276740237691,0.7330508474576269,0.049162124676334296,0.4008463683462757
"Saguenay-Lac-Saint-Jean, Quebec",113245,2700,85.0,569,2115,68.0,31.0,286395,Quebec,97430,11314,8829,2471,17715,16432,4741,9824,1866,1283,5123,2977,3267,1467,1629,635,2493,11022,9597,1425,2870,1976,1748,4941,1252,266,2365,1059,1016,164,2018,186,1467,French,0.005024504393129939,0.12153843998942038,0.029679289093734178,0.7147471149985161,0.04575761482142321,0.3046979405818453,0.04676968601019227,0.0,0.0,0.07800000000000029,0.0,0.3008474576271185,0.04575761482142321,0.3984689974806885
Newfoundland and Labrador,201860,4745,65.0,5473,3418,266.0,125.0,549911,Atlantic Region,88538,11562,8764,2757,17146,15643,3541,8702,3400,1503,5969,3383,3278,1296,1783,795,2139,12006,10936,1070,2831,1857,1661,4639,1328,242,1837,1232,1049,168,1636,200,1350,English,0.02711285049043892,0.11137465932420965,0.011820094524386674,0.57318366062872,0.4030142807122354,0.0,0.0,0.09852999602701651,0.37889872930304236,0.0,0.028013582342954146,0.0,0.4030142807122354,0.3825543070464374
"Southwest, Manitoba",56670,2015,-490.0,2164,1378,204.0,102.0,129480,Prairies,110664,13831,10056,3736,24046,21739,4467,13301,3971,2307,6377,3712,3526,1545,1707,923,2691,13619,11661,1958,3331,2507,2313,5353,1474,329,2830,720,1760,162,2149,304,1670,English,0.03818598905946709,0.4761918246347637,-0.3784368242199567,0.9067037380290393,0.706215844933165,0.7581811328513175,0.5671543646227191,1.0,1.0,1.0,0.6315789473684209,0.7525423728813558,0.706215844933165,0.3792134882987281
Alberta,2111555,59460,28138.0,58194,52446,14610.0,8095.0,5029346,Prairies,110664,13831,10056,3736,24046,21739,4467,13301,3971,2307,6377,3712,3526,1545,1707,923,2691,13619,11661,1958,3331,2507,2313,5353,1474,329,2830,720,1760,162,2149,304,1670,English,0.02755978414012422,0.25224010049621315,0.5594763215734213,0.7523045739943126,0.4755966152752438,0.7581811328513175,0.5671543646227191,1.0,1.0,1.0,0.6315789473684209,0.7525423728813558,0.4755966152752438,0.3715997159972331
Canada,17363945,492475,0.0,435421,368928,120016.0,54644.0,41651653,Canada,108225,12046,8659,3351,24671,22355,5258,14183,2914,2316,6014,3442,3390,1547,1569,795,2739,12090,10292,1799,3087,2332,1860,5231,1443,301,2578,909,1694,195,1809,192,1732,Bilingual,0.0250761563688436,0.25837334008402324,0.0,0.5976041335022166,0.42549942034875327,0.6746050782990096,0.6185270425776754,0.29082240762812894,0.4112437427801314,0.5120000000000005,0.5755517826825126,0.6177966101694914,0.42549942034875327,0.37127043453433045
"Laurentides, Quebec",244690,5570,62.0,1445,5575,818.0,304.0,679190,Quebec,97430,11314,8829,2471,17715,16432,4741,9824,1866,1283,5123,2977,3267,1467,1629,635,2493,11022,9597,1425,2870,1976,1748,4941,1252,266,2365,1059,1016,164,2018,186,1467,French,0.005905431362131677,0.08888397317593488,0.009128520737937837,0.7003931153285532,0.05207091791773377,0.3046979405818453,0.04676968601019227,0.0,0.0,0.07800000000000029,0.0,0.3008474576271185,0.05207091791773377,0.3610246534519615
"Lethbridge-Medicine Hat, Alberta",128300,3890,1394.0,1964,3779,851.0,505.0,334824,Prairies,110664,13831,10056,3736,24046,21739,4467,13301,3971,2307,6377,3712,3526,1545,1707,923,2691,13619,11661,1958,3331,2507,2313,5353,1474,329,2830,720,1760,162,2149,304,1670,English,0.015307872174590802,0.31763955788849096,0.4163381358564499,0.8744892839222995,0.2197272600733915,0.7581811328513175,0.5671543646227191,1.0,1.0,1.0,0.6315789473684209,0.7525423728813558,0.2197272600733915,0.35880836544565825
"Camrose-Drumheller, Alberta",74430,2380,784.0,690,2190,500.0,240.0,215996,Prairies,110664,13831,10056,3736,24046,21739,4467,13301,3971,2307,6377,3712,3526,1545,1707,923,2691,13619,11661,1958,3331,2507,2313,5353,1474,329,2830,720,1760,162,2149,304,1670,English,0.009270455461507456,0.3677979266427557,0.3629696846237893,0.7824218967017907,0.09992350682710856,0.7581811328513175,0.5671543646227191,1.0,1.0,1.0,0.6315789473684209,0.7525423728813558,0.09992350682710856,0.3575510562512884
"Outaouais, Quebec",115465,2415,119.0,2647,3795,512.0,295.0,428751,Quebec,97430,11314,8829,2471,17715,16432,4741,9824,1866,1283,5123,2977,3267,1467,1629,635,2493,11022,9597,1425,2870,1976,1748,4941,1252,266,2365,1059,1016,164,2018,186,1467,Bilingual,0.022924695795262635,0.03293478330726218,0.027755037306035436,0.7657124997959188,0.2335398000395682,0.3046979405818453,0.04676968601019227,0.0,0.0,0.07800000000000029,0.0,0.3008474576271185,0.2335398000395682,0.3554081517947392
Nunavut,17240,520,-236.0,73,759,0.0,0.0,41830,Canada,108225,12046,8659,3351,24671,22355,5258,14183,2914,2316,6014,3442,3390,1547,1569,795,2739,12090,10292,1799,3087,2332,1860,5231,1443,301,2578,909,1694,195,1809,192,1732,Bilingual,0.004234338747099768,0.31288191584226865,-0.5641883815443461,1.8144872101362657,0.03492173931795013,0.6746050782990096,0.6185270425776754,0.29082240762812894,0.4112437427801314,0.5120000000000005,0.5755517826825126,0.6177966101694914,0.03492173931795013,0.33249221750118135
"Calgary, Alberta",842815,22070,11124.0,28843,19753,8126.0,4538.0,1954845,Prairies,110664,13831,10056,3736,24046,21739,4467,13301,3971,2307,6377,3712,3526,1545,1707,923,2691,13619,11661,1958,3331,2507,2313,5353,1474,329,2830,720,1760,162,2149,304,1670,English,0.03422221958555555,0.19249996312057205,0.569047673856495,0.594778614161225,0.6183841595078368,0.7581811328513175,0.5671543646227191,1.0,1.0,1.0,0.6315789473684209,0.7525423728813558,0.6183841595078368,0.3259238982590223
"Lower Mainland-Southwest, British Columbia",1602305,49045,-5531.0,45426,28921,19288.0,7547.0,3547412,British Columbia,108172,12129,8500,3601,28739,25872,6834,16607,2431,2867,6113,3557,3379,1587,1510,858,2531,12540,10291,2250,3139,2529,1953,6027,1386,286,2800,1556,2194,210,1687,98,1915,English,0.028350407693915954,0.32640295496850724,-0.1559164822129485,0.27155007650647855,0.5309629570475106,0.6727889524723296,0.9529015288508962,0.32379817242749365,0.5845206006931081,0.6160000000000005,0.9999999999999999,1.0,0.5309629570475106,0.31819158005943055
"Avalon Peninsula, Newfoundland and Labrador",128620,2800,-483.0,3937,2032,212.0,103.0,304464,Atlantic Region,88538,11562,8764,2757,17146,15643,3541,8702,3400,1503,5969,3383,3278,1296,1783,795,2139,12006,10936,1070,2831,1857,1661,4639,1328,242,1837,1232,1049,168,1636,200,1350,English,0.030609547504276163,0.05879292131259195,-0.15863944505754374,0.5977718219559619,0.5365928425918651,0.0,0.0,0.09852999602701651,0.37889872930304236,0.0,0.028013582342954146,0.0,0.5365928425918651,0.3122065663753026
"Ottawa, Ontario",650780,15550,4069.0,25171,14336,5808.0,2874.0,1622007,Ontario,117721,11768,7957,3759,29312,26383,5683,17501,3198,2930,6395,3588,3433,1632,1451,818,3107,11936,10001,1935,3143,2497,1730,5179,1595,327,2658,599,2033,228,1599,179,1934,Bilingual,0.038678201542764065,0.12312153222099764,0.25086204930065037,0.5257683844767624,0.65264016298589,1.0,1.0,0.18037346046881275,0.35194455140546843,0.6240000000000006,0.8633276740237691,0.7330508474576269,0.65264016298589,0.28929347792854004
Saskatchewan,502560,15775,-2506.0,18199,13147,2022.0,1254.0,1266959,Prairies,110664,13831,10056,3736,24046,21739,4467,13301,3971,2307,6377,3712,3526,1545,1707,923,2691,13619,11661,1958,3331,2507,2313,5353,1474,329,2830,720,1760,162,2149,304,1670,English,0.03621259153135944,0.3500248173348568,-0.19779645592319875,0.8780868204890608,0.6008792940349564,0.7581811328513175,0.5671543646227191,1.0,1.0,1.0,0.6315789473684209,0.7525423728813558,0.6008792940349564,0.28727628806924815
"Wood Buffalo-Cold Lake, Alberta",76420,2290,97.0,1369,1923,336.0,118.0,161013,Prairies,110664,13831,10056,3736,24046,21739,4467,13301,3971,2307,6377,3712,3526,1545,1707,923,2691,13619,11661,1958,3331,2507,2313,5353,1474,329,2830,720,1760,162,2149,304,1670,English,0.01791415859722586,0.3069349438812309,0.06024358281629434,0.9856347003037021,0.3379786115578689,0.7581811328513175,0.5671543646227191,1.0,1.0,1.0,0.6315789473684209,0.7525423728813558,0.3379786115578689,0.28269508350074374
"Red Deer, Alberta",88015,2350,1310.0,1106,2362,369.0,215.0,239566,Prairies,110664,13831,10056,3736,24046,21739,4467,13301,3971,2307,6377,3712,3526,1545,1707,923,2691,13619,11661,1958,3331,2507,2313,5353,1474,329,2830,720,1760,162,2149,304,1670,English,0.012566039879565984,0.2080591788817836,0.5468221700909144,0.8319210572451851,0.1637068866600871,0.7581811328513175,0.5671543646227191,1.0,1.0,1.0,0.6315789473684209,0.7525423728813558,0.1637068866600871,0.276062142671957
"Swift Current-Moose Jaw, Saskatchewan",35420,1015,49.0,1268,1026,205.0,88.0,107592,Prairies,110664,13831,10056,3736,24046,21739,4467,13301,3971,2307,6377,3712,3526,1545,1707,923,2691,13619,11661,1958,3331,2507,2313,5353,1474,329,2830,720,1760,162,2149,304,1670,English,0.03579898362507058,0.2672799567544957,0.04554241951074429,0.763067886088185,0.485211122595396,0.7581811328513175,0.5671543646227191,1.0,1.0,1.0,0.6315789473684209,0.7525423728813558,0.485211122595396,0.24231200263458624
"London, Ontario",323710,8675,-891.0,7642,8064,2133.0,1065.0,830922,Ontario,117721,11768,7957,3759,29312,26383,5683,17501,3198,2930,6395,3588,3433,1632,1451,818,3107,11936,10001,1935,3143,2497,1730,5179,1595,327,2658,599,2033,228,1599,179,1934,English,0.02360754996756356,0.2110467654683077,-0.10723028154267188,0.7137854094608158,0.3691304845879184,1.0,1.0,0.18037346046881275,0.35194455140546843,0.6240000000000006,0.8633276740237691,0.7330508474576269,0.3691304845879184,0.23914512879253874
"Hamilton-Niagara Peninsula, Ontario",623455,16915,-1638.0,12446,15604,4674.0,2092.0,1710532,Ontario,117721,11768,7957,3759,29312,26383,5683,17501,3198,2930,6395,3588,3433,1632,1451,818,3107,11936,10001,1935,3143,2497,1730,5179,1595,327,2658,599,2033,228,1599,179,1934,English,0.019962948408465728,0.22110968701621525,-0.0957596817832113,0.6389824919966419,0.28297928521059146,1.0,1.0,0.18037346046881275,0.35194455140546843,0.6240000000000006,0.8633276740237691,0.7330508474576269,0.28297928521059146,0.2267023061637115
"Regina-Moose Mountain, Saskatchewan",163000,4875,-1473.0,6932,3472,527.0,340.0,374889,Prairies,110664,13831,10056,3736,24046,21739,4467,13301,3971,2307,6377,3712,3526,1545,1707,923,2691,13619,11661,1958,3331,2507,2313,5353,1474,329,2830,720,1760,162,2149,304,1670,English,0.04252760736196319,0.305178965651139,-0.3929163032257548,0.7855658608281385,0.7859485658726652,0.7581811328513175,0.5671543646227191,1.0,1.0,1.0,0.6315789473684209,0.7525423728813558,0.7859485658726652,0.2131198122119486
Manitoba,613425,18135,-4047.0,21433,15820,3095.0,1626.0,1509702,Prairies,110664,13831,10056,3736,24046,21739,4467,13301,3971,2307,6377,3712,3526,1545,1707,923,2691,13619,11661,1958,3331,2507,2313,5353,1474,329,2830,720,1760,162,2149,304,1670,English,0.03493988670171578,0.2947506630685859,-0.2680661481537416,0.8428815753042653,0.5933681972414425,0.7581811328513175,0.5671543646227191,1.0,1.0,1.0,0.6315789473684209,0.7525423728813558,0.5933681972414425,0.20900452743804693
Ontario,6726715,171810,-17779.0,190576,144954,55979.0,24973.0,16258260,Ontario,117721,11768,7957,3759,29312,26383,5683,17501,3198,2930,6395,3588,3433,1632,1451,818,3107,11936,10001,1935,3143,2497,1730,5179,1595,327,2658,599,2033,228,1599,179,1934,English,0.02833121367562027,0.17298466814656155,-0.10935364547005645,0.5472602849259391,0.4823646738305911,1.0,1.0,0.18037346046881275,0.35194455140546843,0.6240000000000006,0.8633276740237691,0.7330508474576269,0.4823646738305911,0.204063819042052
"Stratford-Bruce Peninsula, Ontario",128270,3420,-230.0,729,3508,496.0,348.0,352592,Ontario,117721,11768,7957,3759,29312,26383,5683,17501,3198,2930,6395,3588,3433,1632,1451,818,3107,11936,10001,1935,3143,2497,1730,5179,1595,327,2658,599,2033,228,1599,179,1934,English,0.005683324237935604,0.20692432542541317,-0.06523120206924718,0.8542451331850979,0.04938047668388451,1.0,1.0,0.18037346046881275,0.35194455140546843,0.6240000000000006,0.8633276740237691,0.7330508474576269,0.04938047668388451,0.2030672296392399
"Toronto, Ontario",3442170,82685,-13703.0,117381,67330,31757.0,14266.0,7471275,Ontario,117721,11768,7957,3759,29312,26383,5683,17501,3198,2930,6395,3588,3433,1632,1451,818,3107,11936,10001,1935,3143,2497,1730,5179,1595,327,2658,599,2033,228,1599,179,1934,English,0.03410087241478486,0.1269597442689928,-0.18340912361009332,0.4761302455069583,0.6612755976206955,1.0,1.0,0.18037346046881275,0.35194455140546843,0.6240000000000006,0.8633276740237691,0.7330508474576269,0.6612755976206955,0.16471701167252056
"Kitchener-Waterloo-Barrie, Ontario",627005,16145,-3989.0,14857,15793,5068.0,1858.0,1664214,Ontario,117721,11768,7957,3759,29312,26383,5683,17501,3198,2930,6395,3588,3433,1632,1451,818,3107,11936,10001,1935,3143,2497,1730,5179,1595,327,2658,599,2033,228,1599,179,1934,English,0.023695185843813048,0.17928035879527315,-0.23969273182415243,0.644448370221618,0.3570358097221626,1.0,1.0,0.18037346046881275,0.35194455140546843,0.6240000000000006,0.8633276740237691,0.7330508474576269,0.3570358097221626,0.1605562485418966
"Kingston-Pembroke, Ontario",182605,4580,34.0,1705,4145,1358.0,583.0,534785,Ontario,117721,11768,7957,3759,29312,26383,5683,17501,3198,2930,6395,3588,3433,1632,1451,818,3107,11936,10001,1935,3143,2497,1730,5179,1595,327,2658,599,2033,228,1599,179,1934,English,0.009337093726896855,0.15905898131135165,0.006357695148517628,0.5211440111446656,0.09964066720584049,1.0,1.0,0.18037346046881275,0.35194455140546843,0.6240000000000006,0.8633276740237691,0.7330508474576269,0.09964066720584049,0.14790235548153624
"Saskatoon-Biggar, Saskatchewan",191240,5320,-1643.0,7350,4304,1020.0,663.0,433537,Prairies,110664,13831,10056,3736,24046,21739,4467,13301,3971,2307,6377,3712,3526,1545,1707,923,2691,13619,11661,1958,3331,2507,2313,5353,1474,329,2830,720,1760,162,2149,304,1670,English,0.03843338213762811,0.24191972247517313,-0.3789757275618921,0.7574901334834166,0.7170049366582457,0.7581811328513175,0.5671543646227191,1.0,1.0,1.0,0.6315789473684209,0.7525423728813558,0.7170049366582457,0.14044565496656575
"Winnipeg, Manitoba",384330,10260,-3628.0,15910,7731,1961.0,985.0,855628,Prairies,110664,13831,10056,3736,24046,21739,4467,13301,3971,2307,6377,3712,3526,1545,1707,923,2691,13619,11661,1958,3331,2507,2313,5353,1474,329,2830,720,1760,162,2149,304,1670,English,0.041396716363541745,0.20793244924566967,-0.4240160443557247,0.674358482892098,0.7906004370129984,0.7581811328513175,0.5671543646227191,1.0,1.0,1.0,0.6315789473684209,0.7525423728813558,0.7906004370129984,0.09936600948400437
"Windsor-Sarnia, Ontario",269070,5335,-336.0,4735,6243,2910.0,1086.0,745975,Ontario,117721,11768,7957,3759,29312,26383,5683,17501,3198,2930,6395,3588,3433,1632,1451,818,3107,11936,10001,1935,3143,2497,1730,5179,1595,327,2658,599,2033,228,1599,179,1934,English,0.017597651168840822,0.0,-0.04504172391836188,0.44679781494017895,0.24132789447850256,1.0,1.0,0.18037346046881275,0.35194455140546843,0.6240000000000006,0.8633276740237691,0.7330508474576269,0.24132789447850256,0.0
